time,x1,x2
0.0,0.5,0.0
0.05,0.5149345510874396,-0.025735300798542648
0.1,0.5297382155647075,-0.05094818499849355
0.15,0.5444110270727286,-0.07564898807798169
0.2,0.5589530416685511,-0.0998478649408018
0.25,0.5733643377803456,-0.12355479643932153
0.3,0.5876450163477291,-0.14677957377371065
0.35,0.6017952006656062,-0.16953181481664983
0.4,0.6158150363317603,-0.1918209700288056
0.45,0.6297046912468531,-0.21365632245883026
0.5,0.6434643556144255,-0.23504698774336208
0.55,0.6570942419408968,-0.2560019141070255
0.6,0.6705945850355648,-0.27652988236242987
0.65,0.6839656415910107,-0.2966395245744818
0.7,0.6972076905082367,-0.316339312359735
0.75,0.7103210336293919,-0.3356375218807959
0.8,0.7233059945668743,-0.3545422828294638
0.85,0.7361629186798104,-0.373061579439727
0.9,0.7488921730740558,-0.3912032504877626
0.95,0.7614941466021939,-0.4089749892919358
1.0,0.7739692498635378,-0.4263843437128012
1.05,0.786317915204128,-0.44343871615310126
1.1,0.7985405967167349,-0.46014536355776864
1.15,0.8106377702408553,-0.47651139741392134
1.2,0.8226099333627178,-0.4925437837508708
1.25,0.8344576054152771,-0.5082493431401133
1.3,0.8461813258274964,-0.5236347816225501
1.35,0.8577816541567219,-0.538706687838633
1.4,0.8692591749342422,-0.5534714412732215
1.45,0.8806144931437863,-0.5679352983141268
1.5,0.8918482340517812,-0.5821043954635017
1.55,0.902961043207352,-0.5959847493378394
1.6,0.9139535864423216,-0.6095822566679746
1.65,0.9248265498712113,-0.622902694299083
1.7,0.9355806398912401,-0.6359517191906814
1.75,0.9462165831823248,-0.6487348684166273
1.8,0.956735126707081,-0.6612575591651201
1.85,0.9671370377108219,-0.6735250887386999
1.9,0.9774231037215574,-0.6855426345542461
1.95,0.9875941325499983,-0.697315254142983
2.0,0.9976509522895503,-0.7088478851504719
2.05,1.0075944113163198,-0.7201453453366186
2.1,1.0174253777176858,-0.7312123384929327
2.15,1.0271447277636254,-0.7420535705946014
2.2,1.0367533670800857,-0.7526735241684507
2.25,1.046252224894866,-0.7630765230128251
2.3,1.0556422477285559,-0.7732667985838642
2.35,1.0649243993945339,-0.783248489995502
2.4,1.0740996609989686,-0.7930256440194674
2.45,1.0831690309408182,-0.802602215085284
2.5,1.0921335249118298,-0.8119820652802693
2.55,1.1009941758965418,-0.821168964349537
2.6,1.1097520341722804,-0.8301665896959938
2.65,1.1184081673091624,-0.8389785263803423
2.7,1.1269636601700939,-0.8476082671210791
2.75,1.135419614910771,-0.8560592122944958
2.8,1.1437771509796788,-0.8643346699346782
2.85,1.1520374051180933,-0.872437855733508
2.9,1.1602015313600782,-0.8803718930406597
2.95,1.1682707010324884,-0.8881398128636037
3.0,1.1762461027549675,-0.8957445538676049
3.05,1.1841289424399504,-0.9031889623757235
3.1,1.1919204432926593,-0.910475792368813
3.15,1.1996218458111065,-0.9176077054855216
3.2,1.2072343940105466,-0.9245873484485084
3.25,1.2147593296554329,-0.9314173705554564
3.3,1.2221979448277653,-0.9381001276967041
3.35,1.229551545611095,-0.9446379001438918
3.4,1.236821450162934,-0.9510329037316949
3.45,1.2440089887147563,-0.9572872898578246
3.5,1.2511155035719974,-0.963403145483028
3.55,1.2581423491140544,-0.9693824931310876
3.6,1.2650908917942858,-0.9752272908888221
3.65,1.2719625101400118,-0.9809394324060853
3.7,1.2787585947525142,-0.986520746895767
3.75,1.2854805483070364,-0.9919729991337927
3.8,1.2921297855527831,-0.9972978894591237
3.85,1.298707733312921,-1.0024970537737568
3.9,1.3052158304845782,-1.0075720635427243
3.95,1.3116555280388442,-1.0125244257940949
4.0,1.31802828902077,-1.0173555831189722
4.05,1.3243355885493688,-1.0220669136714962
4.1,1.3305789138176145,-1.0266597311688417
4.15,1.3367597640924433,-1.0311352848912203
4.2,1.342879650714753,-1.0354947596818789
4.25,1.348940097099401,-1.0397392759470987
4.3,1.3549426387352104,-1.0438698896561998
4.35,1.3608888231849614,-1.0478875923415343
4.4,1.3667802100853987,-1.0517933110984925
4.45,1.3726183711472273,-1.0555879085854993
4.5,1.378404881478831,-1.0592721937807599
4.55,1.384141295971665,-1.0628469519188626
4.6,1.3898292037469087,-1.0663128840069316
4.65,1.3954702040041371,-1.069670641105148
4.7,1.4010659023732965,-1.0729208289708145
4.75,1.4066179109147037,-1.0760640080583577
4.8,1.4121278481190453,-1.0791006935193272
4.85,1.4175973389073793,-1.0820313552023952
4.9,1.4230280146311332,-1.084856417653357
4.95,1.4284215130721056,-1.0875762601151313
5.0,1.4337794784424658,-1.0901912165277592
5.05,1.4391035613847525,-1.0927015755284049
5.1,1.4443954189718762,-1.095107580451356
5.15,1.4496567147071169,-1.0974094293280228
5.2,1.4548891185241253,-1.0996072748869385
5.25,1.4600943067869228,-1.1017012245537599
5.3,1.4652739622599977,-1.1036913405043884
5.35,1.4704297664051593,-1.1055776538481634
5.4,1.475563403103373,-1.107360160614613
5.45,1.4806765634136108,-1.1090388141189635
5.5,1.485770941302673,-1.110613532448086
5.55,1.4908482336451887,-1.112084198460496
5.6,1.495910140223615,-1.113450659786355
5.65,1.5009583637282382,-1.1147127288274685
5.7,1.5059946097571724,-1.1158701827572877
5.75,1.5150886815885851,-1.1168485188535713
5.8,1.5283767283751675,-1.1176007972666502
5.85,1.5380888766401337,-1.1182174852238143
5.9,1.5387843084301287,-1.118777853142185
5.95,1.5274157399905524,-1.1193489389333788
6.0,1.503329421765558,-1.1199855480035064
6.05,1.4682651383980556,-1.1207302532531729
6.1,1.426356208729708,-1.1216133950774778
6.15,1.3841206947185376,-1.122652895212852
6.2,1.3441312592044468,-1.1237616757482463
6.25,1.304148674393998,-1.1248610848313314
6.3,1.2641746507034683,-1.1259496723165494
6.35,1.2242108944896521,-1.1270260986724254
6.4,1.184259053870834,-1.1280888822839832
6.45,1.144320832065638,-1.12913693468336
6.5,1.1043979584253676,-1.1301694181739221
6.55,1.0644921553350937,-1.1311855891876692
6.6,1.0246051382136543,-1.1321847982852347
6.65,0.984738615513654,-1.1331664901558853
6.7,0.9448942887214656,-1.1341302036175214
6.75,0.9050738523572278,-1.1350755716166774
6.8,0.8652789939748463,-1.1360023212285204
6.85,0.825511394161994,-1.1369102736568517
6.9,0.7857727265401103,-1.1377993442341063
6.95,0.7460646577644036,-1.1386695424213527
7.0,0.7063888475238459,-1.1395209718082921
7.05,0.66674694854118,-1.1403538301132605
7.1,0.6271406065729156,-1.1411684091832268
7.15,0.5875714604093206,-1.141965094993794
7.2,0.5480411418744444,-1.1427443676491977
7.25,0.5085512758260922,-1.1435068013823082
7.3,0.46910348015583914,-1.1442530645546287
7.35,0.4296993657890319,-1.144983919656296
7.4,0.39034053668477714,-1.1457002233060811
7.45,0.3510285898359535,-1.1464029262513875
7.5,0.31176511526920336,-1.1470930733682534
7.55,0.2725516960449358,-1.1477718036613498
7.6,0.23338990825733538,-1.1484403502639813
7.65,0.19428132103433945,-1.149100040438087
7.7,0.1552274965376654,-1.1497522955742383
7.75,0.11622998996279234,-1.150398631191641
7.8,0.07729034953895661,-1.1510406569381342
7.85,0.03841011652918378,-1.1516800765901907
7.9,-0.000409174769751379,-1.1523186880529168
7.95,-0.0391659970273028,-1.1529583833600523
8.0,-0.0778588298791594,-1.1536011486739708
8.05,-0.11648615992723155,-1.154249064285679
8.1,-0.15504654092928272,-1.1549039556546816
8.15,-0.19353858076812638,-1.1555674708421722
8.2,-0.23196080487061294,-1.156241872644587
8.25,-0.27031175250401346,-1.1569294792993254
8.3,-0.30858997837113417,-1.157632655227887
8.35,-0.3467940526103191,-1.1583538110358729
8.4,-0.3849225607954547,-1.1590954035129843
8.45,-0.4229741039359616,-1.1598599356330244
8.5,-0.46094729847680327,-1.1606499565538966
8.55,-0.4988407762984785,-1.1614680616176054
8.6,-0.5366531847170236,-1.162316892350256
8.65,-0.574383186484018,-1.1631991364620553
8.7,-0.6120294597865746,-1.1641175278473102
8.75,-0.6495906982473505,-1.165074846584429
8.8,-0.6870656109245341,-1.1660739189359206
8.85,-0.7244529223118586,-1.1671176173483955
8.9,-0.7617513723385909,-1.1682088604525644
8.95,-0.7989597163695427,-1.1693506130632396
9.0,-0.836076725205058,-1.1705458861793336
9.05,-0.8731011850810207,-1.1717977369838601
9.1,-0.9100318976688538,-1.173109268843934
9.15,-0.946867680075524,-1.1744836313107707
9.2,-0.9836073648435244,-1.175924020119687
9.25,-1.0202497999508988,-1.1774336771901002
9.3,-1.0567938488112252,-1.179015890625529
9.35,-1.0932383902736187,-1.1806739947135925
9.4,-1.1295823186227296,-1.1824113699260106
9.45,-1.165824543578753,-1.1842314429186047
9.5,-1.2019639902974215,-1.1861376865312971
9.55,-1.2379995993700101,-1.1881336197881112
9.6,-1.2739303268233164,-1.19022280789717
9.65,-1.3097551441197,-1.1924088622506992
9.7,-1.3454730381570392,-1.1946954404250243
9.75,-1.3810830195877473,-1.1970861412902551
9.8,-1.4165842389788,-1.1995830826815312
9.85,-1.4519757743188464,-1.2021896447570208
9.9,-1.487256677648217,-1.2049098103305138
9.95,-1.5224260226918631,-1.2077475527853725
10.0,-1.5574829048593661,-1.210706836074532
10.05,-1.5924264412449305,-1.2137916147204986
10.1,-1.6272557706273854,-1.2170058338153518
10.15,-1.6619700534701896,-1.2203534290207432
10.2,-1.696568471921423,-1.2238383265678965
10.25,-1.7310502298137955,-1.2274644432576078
10.3,-1.7654145526646405,-1.2312356864602456
10.35,-1.7996606876759145,-1.2351559541157504
10.4,-1.833787903734206,-1.2392291347336353
10.45,-1.8677954914107224,-1.2434591073929853
10.5,-1.9016827629613033,-1.2478497417424586
10.55,-1.9354490523264087,-1.2524048980002844
10.6,-1.9690937151311259,-1.2571284269542655
10.65,-2.00261612868517,-1.2620241699617756
10.7,-2.0360156919828767,-1.2670959589497612
10.75,-2.0692918257032153,-1.2723476164147427
10.8,-2.102443972209774,-1.2777829554228104
10.85,-2.1354715955507664,-1.2834057796096272
10.9,-2.1683741814590403,-1.2892198831804311
10.95,-2.201151237352057,-1.2952290509100277
11.0,-2.233802292331915,-1.3014370581428
11.05,-2.2663268971853285,-1.3078476707926985
11.1,-2.2987246243836474,-1.314464645343251
11.15,-2.330995068082838,-1.3212917288475523
11.2,-2.363137844123496,-1.3283326589282725
11.25,-2.395152590030845,-1.3355911637776536
11.3,-2.427038965014733,-1.343070962157511
11.35,-2.4587966499696297,-1.3507757633992297
11.4,-2.490425347474642,-1.3587092674037717
11.45,-2.52192478179348,-1.3668751646416617
11.5,-2.5532946988745073,-1.3752771361530092
11.55,-2.584534866350696,-1.3839188535474882
11.6,-2.6156450735396466,-1.3928039790043465
11.65,-2.6466251314435856,-1.4019361652724032
11.7,-2.6774748727493636,-1.4113190556700506
11.75,-2.7081941518284647,-1.4209562840852556
11.8,-2.7387828447369884,-1.4308514749755536
11.85,-2.7692408492156657,-1.4410082433680544
11.9,-2.799568084689863,-1.451430194859444
11.95,-2.8297644922695433,-1.4621209256159688
12.0,-2.8598300347493306,-1.4730840223734623
12.05,-2.8897646966084456,-1.4843230624373172
12.1,-2.9195684840107474,-1.495841613682506
12.15,-2.9492414248047263,-1.507643234553573
12.2,-2.9787835685234882,-1.5197314740646335
12.25,-3.00819498638478,-1.53210987179938
12.3,-3.0374757712909477,-1.5447819579110647
12.35,-3.066626037828985,-1.5577512531225233
12.4,-3.095645922270499,-1.5710212687261582
12.45,-3.12453557959267,-1.58459532257329
12.5,-3.1532951694182,-1.59847505288316
12.55,-3.181924914939621,-1.612663489497327
12.6,-3.2104250697109085,-1.6271641001549124
12.65,-3.2387959075933,-1.641980295314285
12.7,-3.2670377227552927,-1.6571154281530602
12.75,-3.295150829672649,-1.672572794568102
12.8,-3.3231355631283885,-1.6883556331755207
12.85,-3.3509922782127943,-1.704467125310674
12.9,-3.378721350323414,-1.720910395028169
12.95,-3.406323175165051,-1.7376885091018572
13.0,-3.4337981687497763,-1.7548044770248408
13.05,-3.4611467673969196,-1.772261251009467
13.1,-3.4883694277330703,-1.7900617259873304
13.15,-3.5154666266920844,-1.8082087396092754
13.2,-3.5424388615150755,-1.8267050722453908
13.25,-3.569286649750422,-1.8455534469850163
13.3,-3.5960105292537596,-1.8647565296367354
13.35,-3.622611058187989,-1.8843169287283812
13.4,-3.6490888150232736,-1.9042371955070343
13.45,-3.6754443985370338,-1.9245198239390209
13.5,-3.7016784278139574,-1.9451672507099182
13.55,-3.72779154224599,-1.966181855224548
13.6,-3.753784401532339,-1.9875659596069786
13.65,-3.7796576856794757,-2.00932182870053
13.7,-3.8054120950011305,-2.0314516700677645
13.75,-3.831048350118297,-2.053957633990495
13.8,-3.8565671919592317,-2.076841813469783
13.85,-3.8819693817594474,-2.1001062442259317
13.9,-3.907255701061725,-2.1237529046984984
13.95,-3.9324269517161032,-2.1477837160462845
14.0,-3.957483955879887,-2.1722005421473427
14.05,-3.9824275560176345,-2.197005189598964
14.1,-4.007258614901172,-2.222199407717695
14.15,-4.031978015609587,-2.2477848885393277
14.2,-4.056586661529231,-2.2737632668189063
14.25,-4.081085476353707,-2.3001361200307087
14.3,-4.10547540408389,-2.3269049683682725
14.35,-4.129757409027912,-2.3540712747443795
14.4,-4.153932475801173,-2.381636444791066
14.45,-4.17800160932632,-2.409601826859595
14.5,-4.201965834833276,-2.4379687120204943
14.55,-4.22582619785922,-2.4667383340635394
14.6,-4.2495837642486025,-2.4959118694977573
14.65,-4.27323962015311,-2.525490437551394
14.7,-4.296794872031721,-2.555475100171979
14.75,-4.320250646650646,-2.585866862026254
14.8,-4.343608091083395,-2.6166666705002584
14.85,-4.3668682461359545,-2.6478749331459697
14.9,-4.390032023848121,-2.6794915683816503
14.95,-4.413100645460738,-2.7115176740543534
15.0,-4.4360753546243625,-2.7439543197187874
15.05,-4.458957405388724,-2.7768024985599604
15.1,-4.481748062202724,-2.810063127393185
15.15,-4.504448599914439,-2.843737046664079
15.2,-4.527060303771114,-2.877825020448561
15.25,-4.54958446941917,-2.9123277364528595
15.3,-4.572022402904197,-2.947245806013499
15.35,-4.594375420670958,-2.982579764097311
15.4,-4.616644849563392,-3.0183300693014337
15.45,-4.6388320268246055,-3.0544971038533038
15.5,-4.6609383000968805,-3.0910811736106654
15.55,-4.68296502742167,-3.128082508061565
15.6,-4.704913577239599,-3.1655012603243513
15.65,-4.7267853283904655,-3.2033375071476806
15.7,-4.748581670113239,-3.241591248910508
15.75,-4.770304002046066,-3.2802624096221
15.8,-4.791953734226258,-3.3193508369220166
15.85,-4.813532287090301,-3.3588563020801265
15.9,-4.835041091473859,-3.3987784999966077
15.95,-4.856481588611759,-3.4391170492019283
16.0,-4.877855230138011,-3.479871491856878
16.05,-4.899163478085788,-3.5210412937525337
16.1,-4.9204078048874385,-3.562625844310285
16.15,-4.941589693374484,-3.604624456581818
16.2,-4.962710636777621,-3.6470363672491377
16.25,-4.9837721387267155,-3.689860736624538
16.3,-5.004775713250802,-3.733096648650616
16.35,-5.025722884778094,-3.776743110900286
16.4,-5.046615188135974,-3.820799054576753
16.45,-5.067454168550997,-3.865263334513527
16.5,-5.088241381648894,-3.910134729174438
16.55,-5.108978393454562,-3.9554119406535957
16.6,-5.129666780392071,-4.001093594675422
16.65,-5.150308129284668,-4.047178240594647
16.7,-5.170904037354776,-4.093664351396321
16.75,-5.191456112223981,-4.1405503236957655
16.8,-5.2119659719130365,-4.187834477738606
16.85,-5.232435244841887,-4.235515057400806
16.9,-5.252865569829632,-4.283590230188597
16.95,-5.273258596094556,-4.3320580872385435
17.0,-5.293615983254114,-4.380916643317511
17.05,-5.3139394013249195,-4.43016383682263
17.1,-5.334230530722769,-4.479797529781361
17.15,-5.3544910622626345,-4.529815507851483
17.2,-5.37472269715866,-4.580215480321076
17.25,-5.394927147024157,-4.630995080108505
17.3,-5.415106133871608,-4.682151863762438
17.35,-5.435261390112671,-4.73368331146186
17.4,-5.45539465855817,-4.785586827016042
17.45,-5.475517178975603,-4.83786033472772
17.5,-5.498845244344725,-4.8907083469961075
17.55,-5.5276482998832135,-4.9442930827058635
17.6,-5.5614864469005925,-4.998608681122061
17.65,-5.599936694262937,-5.053648605006753
17.7,-5.642592958392879,-5.109405640618998
17.75,-5.689066063269592,-5.165871897714823
17.8,-5.738983740428802,-5.223038809547253
17.85,-5.791990628962785,-5.2808971328662935
17.9,-5.847748275520362,-5.339436947918937
17.95,-5.90593513430692,-5.39864765844918
18.0,-5.96624656708438,-5.45851799169799
18.05,-6.028394843171218,-5.519035998403325
18.1,-6.09210913944246,-5.580189052800131
18.15,-6.157135540329677,-5.64196385262034
18.2,-6.223237037821005,-5.704346419092875
18.25,-6.290193531461115,-5.767322096943643
18.3,-6.357801828351232,-5.830875554395548
18.35,-6.4258756431491335,-5.894990783168465
18.4,-6.494245598069143,-5.959651098479276
18.45,-6.562759222882143,-6.024839139041842
18.5,-6.631280954915553,-6.090536867066992
18.55,-6.699692139053353,-6.156725568262572
18.6,-6.7678910277360655,-6.223385851833402
18.65,-6.835792780960762,-6.290497650481287
18.7,-6.903329466281081,-6.358040220405031
18.75,-6.970450058807188,-6.425992141300412
18.8,-7.037120441205811,-6.494331316360195
18.85,-7.103323403700236,-6.5630349722741865
18.9,-7.169058644070268,-6.632079659229063
18.95,-7.234342767652299,-6.701441250908593
19.0,-7.29920928733925,-6.771094944493491
19.05,-7.363708623580596,-6.841015260661463
19.1,-7.427908104382363,-6.911176043587219
19.15,-7.491891965307119,-6.981550460942423
19.2,-7.555761349474004,-7.052111003895768
19.25,-7.6196343075587,-7.122829487112966
19.3,-7.683645797793405,-7.193677048756533
19.35,-7.747947685966903,-7.2646241504861395
19.4,-7.812708745424517,-7.335640577458427
19.45,-7.877838345930515,-7.406804498870258
19.5,-7.943019164986266,-7.478258739636009
19.55,-8.008250060874053,-7.550003068933507
19.6,-8.073532624452254,-7.622036129002117
19.65,-8.13886843487425,-7.694356590380586
19.7,-8.204259059588448,-7.766963151907073
19.75,-8.269706054338245,-7.839854540719109
19.8,-8.335210963162053,-7.913029512253624
19.85,-8.400775318393293,-7.986486850246939
19.9,-8.466400640660389,-8.060225366734763
19.95,-8.532088438886788,-8.134243902052209
20.0,-8.597840210290931,-8.208541324833773
20.05,-8.663657440386269,-8.283116532013334
20.1,-8.729541602981271,-8.357968448824185
20.15,-8.795494160179402,-8.433096028798982
20.2,-8.861516562379148,-8.508498253769803
20.25,-8.927610248273995,-8.584174133868096
20.3,-8.99377664485244,-8.660122707524712
20.35,-9.060017167397993,-8.736343041469892
20.4,-9.126333219489151,-8.81283423073325
20.45,-9.192726192999459,-8.88959539864383
20.5,-9.259197468097431,-8.966625696830032
20.55,-9.325748413246616,-9.04392430521967
20.6,-9.39238038520555,-9.121490432039927
20.65,-9.459094729027807,-9.199323313817413
20.7,-9.525892778061943,-9.277422215378097
20.75,-9.59277585395153,-9.355786429847356
20.8,-9.659745253782175,-9.434415210433057
20.85,-9.726802176423712,-9.513307403630636
20.9,-9.79394789096259,-9.592462366416777
20.95,-9.86118367048312,-9.671879580574812
21.0,-9.928510769354109,-9.751558528620057
21.05,-9.995930423228877,-9.831498693799835
21.1,-10.063443849045258,-9.911699560093473
21.15,-10.131052245025586,-9.992160612212292
21.2,-10.198756790676718,-10.072881335599634
21.25,-10.266558646790013,-10.153861216430826
21.3,-10.334458955441336,-10.235099741613203
21.35,-10.40245883999107,-10.3165963987861
21.4,-10.470559405084092,-10.39835067632085
21.45,-10.538761736649814,-10.480362063320806
21.5,-10.607066901902138,-10.562630049621307
21.55,-10.675475949339477,-10.645154125789695
21.6,-10.743989908744759,-10.727933783125316
21.65,-10.812609791185416,-10.81096851365952
21.7,-10.8813365890134,-10.894257810155665
21.75,-10.95017127586516,-10.977801166109092
21.8,-11.019114806661666,-11.061598075747176
21.85,-11.088168117608383,-11.145648034029254
21.9,-11.157332126195293,-11.229950536646689
21.95,-11.226607731196903,-11.314505080022862
22.0,-11.295995812672201,-11.399311161313115
22.05,-11.365497231964707,-11.484368278404826
22.1,-11.43511283170244,-11.569675929917366
22.15,-11.504843435797918,-11.655233615202087
22.2,-11.57468984944819,-11.741040834342373
22.25,-11.644652859134819,-11.827097088153614
22.3,-11.71473323262385,-11.913401878183167
22.35,-11.784931718965845,-11.999954706710412
22.4,-11.855249048495898,-12.086755076746739
22.45,-11.925685932833597,-12.173802492035538
22.5,-11.996243064883009,-12.261096457052158
22.55,-12.066921118832786,-12.348636477004037
22.6,-12.137720750156015,-12.436422057830535
22.65,-12.208642595610314,-12.52445270620303
22.7,-12.279687273237847,-12.612727929524954
22.75,-12.350855382365241,-12.701247235931678
22.8,-12.42302497857903,-12.790052433131155
22.85,-12.500143642319891,-12.879348520276261
22.9,-12.581714571318654,-12.969144970061587
22.95,-12.66664876534712,-13.059418564917957
23.0,-12.75391780277073,-13.150143449033031
23.05,-12.84255384054858,-13.241291128351314
23.1,-12.93164961423343,-13.332830470574155
23.15,-13.02035843797168,-13.42472770515975
23.2,-13.107894204503403,-13.516946423323144
23.25,-13.193531385162308,-13.609447578036221
23.3,-13.276605029875768,-13.70218948402771
23.35,-13.356510767164801,-13.795127817783182
23.4,-13.432704804144086,-13.888215617545052
23.45,-13.50470392652196,-13.9814032833126
23.5,-13.572085498600407,-14.074638576841924
23.55,-13.634487463275063,-14.167866621645974
23.6,-13.691608342035224,-14.26102990299455
23.65,-13.743207234963831,-14.35406826791429
23.7,-13.789103820737495,-14.44691892518869
23.75,-13.829178356626468,-14.539516445358075
23.8,-13.863371678494655,-14.631792760719625
23.85,-13.891685200799621,-14.723677165327356
23.9,-13.914180916592583,-14.815096314992132
23.95,-13.930981397518416,-14.905974227281668
24.0,-13.942269793815639,-14.996232281520518
24.05,-13.948289834316432,-15.085789218790081
24.1,-13.94934582644663,-15.174561141928585
24.15,-13.945802656225718,-15.26246151553114
24.2,-13.938085788266838,-15.349401165949661
24.25,-13.926681265776777,-15.435288281292964
24.3,-13.912135710555994,-15.520028411426624
24.35,-13.895056322998588,-15.603524467973111
24.4,-13.876110882092311,-15.685676724311765
24.45,-13.856027745418578,-15.766382815578734
24.5,-13.83559584915245,-15.845537738667014
24.55,-13.815664708062648,-15.923033852226425
24.6,-13.79714441551154,-15.998760876663715
24.65,-13.781005643455156,-16.072605894142363
24.7,-13.767514959427558,-16.14462521965816
24.75,-13.754401620370345,-16.215406939802005
24.8,-13.741416665552832,-16.285028961274946
24.85,-13.728559747783516,-16.353510529931217
24.9,-13.715830498534439,-16.420870609487196
24.95,-13.703228527941178,-16.487127881521456
25.0,-13.690753424802852,-16.552300745474714
25.05,-13.678404756582117,-16.61640731864986
25.1,-13.666182069405172,-16.679465436211945
25.15,-13.654084888061755,-16.74149265118819
25.2,-13.64211271600514,-16.80250623446798
25.25,-13.630265035352142,-16.862523174802874
25.3,-13.618541306883117,-16.92156017880658
25.35,-13.60694097004196,-16.979633670954986
25.4,-13.595463442936104,-17.036759793586132
25.45,-13.584108122336524,-17.092954406900237
25.5,-13.57287438367773,-17.148233088959678
25.55,-13.561761581057777,-17.202611135689008
25.6,-13.550769047238257,-17.256103560874926
25.65,-13.539896093644298,-17.308725096166313
25.7,-13.529142014001918,-17.36049035016474
25.75,-13.518506261939189,-17.41142171680089
25.8,-13.50798815025744,-17.461536455658933
25.85,-13.497586856661648,-17.510846537081374
25.9,-13.48730154362474,-17.5593638019418
25.95,-13.477131358387581,-17.607099961644902
26.0,-13.46707543295899,-17.65406659812646
26.05,-13.457132884115731,-17.70027516385333
26.1,-13.447302813402514,-17.745736981823466
26.15,-13.437584307131996,-17.790463245565906
26.2,-13.42797643638478,-17.834465019140794
26.25,-13.418478257009419,-17.877753237139338
26.3,-13.409088809622409,-17.920338704683857
26.35,-13.399807119608196,-17.96223209742774
26.4,-13.390632197119173,-18.003443961555483
26.45,-13.381563037075676,-18.04398471378266
26.5,-13.372598619165991,-18.08386464135594
26.55,-13.36373790784635,-18.123093902053082
26.6,-13.354979852340932,-18.161682524182922
26.65,-13.346323386641863,-18.1996404065854
26.7,-13.337767429509215,-18.236977318631542
26.75,-13.329310884471008,-18.27370290022346
26.8,-13.32095263982321,-18.309826661794354
26.85,-13.31269156862973,-18.345357984308517
26.9,-13.304526528722432,-18.380306119261324
26.95,-13.29645636270112,-18.414680188679256
27.0,-13.28847989793355,-18.44848918511987
27.05,-13.28059594655542,-18.481741971671806
27.1,-13.272803305470381,-18.51444728195481
27.15,-13.265100756350025,-18.546613720119705
27.2,-13.257487065633892,-18.578249760848408
27.25,-13.249960984529471,-18.60936374935393
27.3,-13.242521249012198,-18.639963901380355
27.35,-13.235166579825453,-18.67005830320288
27.4,-13.227895682480566,-18.699654911627764
27.45,-13.220707247256811,-18.72876155399238
27.5,-13.21359994920141,-18.75738592816518
27.55,-13.206572448129533,-18.785535602545703
27.6,-13.199623388624296,-18.813218016064578
27.65,-13.19275140003676,-18.840440478183524
27.7,-13.185955096485937,-18.86721016889535
27.75,-13.179233076858782,-18.893534138723957
27.8,-13.172583924810198,-18.919419308724333
27.85,-13.166006208763037,-18.94487247048255
27.9,-13.159498481908091,-18.969900286115774
27.95,-13.153059282204111,-18.994509288272262
28.0,-13.146687132377782,-19.018705880131364
28.05,-13.140380539923743,-19.04249633540351
28.1,-13.13413799710458,-19.065886798330215
28.15,-13.127957980950821,-19.088883283684098
28.2,-13.121838953260948,-19.111491676768864
28.25,-13.115779360601383,-19.133717733419296
28.3,-13.109777634306496,-19.155567080001283
28.35,-13.103832190478611,-19.177045213411787
28.4,-13.09794142998799,-19.19815750107886
28.45,-13.092103738472845,-19.218909180961667
28.5,-13.086317486339336,-19.239305361550436
28.55,-13.080099161876207,-19.259294514838935
28.6,-13.071659761264135,-19.2786651033976
28.65,-13.061243742890726,-19.297435835694824
28.7,-13.04930419771384,-19.315650472360364
28.75,-13.036271446104251,-19.333351135830462
28.8,-13.022553037845649,-19.350578310347846
28.85,-13.008533752134626,-19.367370841961737
28.9,-12.994575597580694,-19.383765938527834
28.95,-12.981017812206264,-19.399799169708334
29.0,-12.968176863446672,-19.41550446697191
29.05,-12.956346448150157,-19.430914123593734
29.1,-12.945797492577869,-19.446058794655453
29.15,-12.936778152403871,-19.460967497045207
29.2,-12.929513812715138,-19.475667609457624
29.25,-12.924207088011553,-19.490184872393815
29.3,-12.92103782220591,-19.504543388161387
29.35,-12.920163088623921,-19.518765620874422
29.4,-12.921717190004196,-19.5328723964535
29.45,-12.92581165849827,-19.546882902625672
29.5,-12.93253525567058,-19.560814688924502
29.55,-12.941953972498476,-19.574683666690014
29.6,-12.954111029372221,-19.588504109068737
29.65,-12.969026876094986,-19.60228865101368
29.7,-12.986699191882854,-19.616048289284336
29.75,-13.007102885364825,-19.6297923824467
29.8,-13.030190094582798,-19.64352865087323
29.85,-13.055890186991592,-19.657263176742894
29.9,-13.084109759458936,-19.67100040404113
29.95,-13.11473263826547,-19.684743138559877
30.0,-13.147619879104742,-19.698492547897555
30.05,-13.182609767083207,-19.712248161459065
30.1,-13.219517816720247,-19.726007870455806
30.15,-13.258136771948129,-19.739767927905653
30.2,-13.29823660611207,-19.753522948632977
30.25,-13.339564521970155,-19.767265909268634
30.3,-13.381844951693415,-19.780988148249964
30.35,-13.42477955686576,-19.794679365820798
30.4,-13.468047228484034,-19.80832762403145
30.45,-13.511304086957999,-19.82191934673872
30.5,-13.554183482110295,-19.835439319605907
30.55,-13.596295993176511,-19.848870690102782
30.6,-13.637229428805108,-19.86219496750561
30.65,-13.677128175467208,-19.87537147414614
30.7,-13.716972450467352,-19.888349682741584
30.75,-13.756792905714793,-19.901130526048895
30.8,-13.796587839020079,-19.91371640284663
30.85,-13.836355556299964,-19.926109769684686
30.9,-13.876094371577416,-19.938313140884258
30.95,-13.915802606981622,-19.950329088537877
31.0,-13.95547859274797,-19.962160242509388
31.05,-13.995120667218066,-19.97380929043395
31.1,-14.034727176839725,-19.985278977718057
31.15,-14.074296476166973,-19.996572107539496
31.2,-14.113826927860055,-20.0076915408474
31.25,-14.153316902685418,-20.01864019636221
31.3,-14.192764779515727,-20.029421050575685
31.35,-14.232168945329855,-20.040037137750904
31.4,-14.271527795212887,-20.050491549922267
31.45,-14.310839732356126,-20.0607874368955
31.5,-14.350103168057078,-20.070928006247634
31.55,-14.389316521719469,-20.080916523327033
31.6,-14.428478220853227,-20.09075631125337
31.65,-14.467586701074499,-20.100450750917645
31.7,-14.506640406105646,-20.110003280982177
31.75,-14.545637787775235,-20.119417397880596
31.8,-14.584577306018039,-20.128696655817862
31.85,-14.623457428875062,-20.13784466677025
31.9,-14.662276632493496,-20.146865100485353
31.95,-14.701033401126768,-20.155761684482083
32.0,-14.739726227134499,-20.16453820405068
32.05,-14.778353610982526,-20.17319850225269
32.1,-14.816914061242917,-20.18174647992099
32.15,-14.855406094593908,-20.19018609565977
32.2,-14.893828235825572,-20.1985213658541
32.25,-14.932179484438077,-20.206757197513877
32.3,-14.970458782214852,-20.21489854920512
32.35,-15.008664598334642,-20.22294958183735
32.4,-15.04679542211852,-20.23091446577717
32.45,-15.08484976302991,-20.23879738084823
32.5,-15.122826150674562,-20.24660251633128
32.55,-15.160723134800573,-20.254334070964116
32.6,-15.19853928529838,-20.261996252941618
32.65,-15.23627319220074,-20.269593279915735
32.7,-15.273923465682767,-20.277129378995483
32.75,-15.311488736061898,-20.284608786746947
32.8,-15.348967653797915,-20.29203574919329
32.85,-15.386358889492945,-20.299414521814736
32.9,-15.42366113389143,-20.306749369548587
32.95,-15.460873097880176,-20.314044566789214
33.0,-15.497993512488303,-20.32130439738805
33.05,-15.535021128887283,-20.328533154653616
33.1,-15.57195471839093,-20.33573514135149
33.15,-15.608793072455372,-20.342914669704314
33.2,-15.645535002679106,-20.35007606139182
33.25,-15.682179340802934,-20.3572236475508
33.3,-15.718724938710018,-20.364361768775115
33.35,-15.755170668425862,-20.3714947751157
33.4,-15.791515422118279,-20.378627026080554
33.45,-15.827758112097452,-20.38576289063476
33.5,-15.863897670815874,-20.39290674720045
33.55,-15.899933050868395,-20.400062983656852
33.6,-15.9358632249922,-20.407235997340248
33.65,-15.971687186066799,-20.41443019504399
33.7,-16.007403947114053,-20.42164999301851
33.75,-16.043012541298147,-20.428899816971303
33.8,-16.07851202192562,-20.436184102066935
33.85,-16.11390146244534,-20.44350729292705
33.9,-16.14917995644851,-20.45087384363035
33.95,-16.184346617668673,-20.458288217712617
34.0,-16.219400579981706,-20.465754888166703
34.05,-16.25434099740583,-20.473278337442522
34.1,-16.28916704410161,-20.480863057447074
34.15,-16.323877914371927,-20.488513549544408
34.2,-16.358472822662016,-20.496234324555665
34.25,-16.39295100355944,-20.504029902759044
34.3,-16.427311711794104,-20.511904813889814
34.35,-16.46155422223827,-20.519863597140326
34.4,-16.49567782990649,-20.527910801159983
34.45,-16.52968184995571,-20.536050984055276
34.5,-16.56356561768516,-20.544288713389758
34.55,-16.59732848853645,-20.552628566184055
34.6,-16.630969838093513,-20.56107512891586
34.65,-16.664489062082602,-20.56963299751994
34.7,-16.69788557637233,-20.578306777388125
34.75,-16.731158816973636,-20.587101083369333
34.8,-16.76430824003981,-20.596020539769533
34.85,-16.797333321866468,-20.605069780351776
34.9,-16.830233558891553,-20.61425344833618
34.95,-16.86300846769537,-20.62357619639993
35.0,-16.89565758500055,-20.633042686677292
35.05,-16.92818046767205,-20.642657590759587
35.1,-16.960576692717186,-20.652425589695223
35.15,-16.992845857285598,-20.662351373989665
35.2,-17.024987578669272,-20.672439643605458
35.25,-17.05700149430251,-20.682695107962207
35.3,-17.088887261761986,-20.693122485936602
35.35,-17.120644558766685,-20.70372650586239
35.4,-17.15227308317794,-20.714511905530397
35.45,-17.183772552999397,-20.72548343218851
35.5,-17.21514270637709,-20.736645842541698
35.55,-17.24638330159936,-20.748003902752
35.6,-17.27749411709688,-20.759562388438514
35.65,-17.308474951442644,-20.77132608467741
35.7,-17.339325623352053,-20.783299786001944
35.75,-17.370045971682778,-20.795488296402432
35.8,-17.400635855434828,-20.80789642932625
35.85,-17.431095153750622,-20.82052900767787
35.9,-17.461423765914816,-20.833390863818803
35.95,-17.491621611354475,-20.84648683956766
36.0,-17.52168862963897,-20.859821786200104
36.05,-17.551624780480033,-20.873400564448875
36.1,-17.581430043731714,-20.887228044503786
36.15,-17.611104419390408,-20.901309106011713
36.2,-17.640647927594813,-20.915648638076597
36.25,-17.670060608626045,-20.930251539259476
36.3,-17.69934252290749,-20.945122717578432
36.35,-17.728493751004894,-20.960267090508633
36.4,-17.757514393626312,-20.9756895849823
36.45,-17.786404571622192,-20.991395137388746
36.5,-17.815164425985294,-21.007388693574345
36.55,-17.8437941971462,-21.023666230782624
36.6,-17.872294215283663,-21.04022256855738
36.65,-17.900664778906364,-21.05706178531859
36.7,-17.928906205605433,-21.07418789297483
36.75,-17.957018832073164,-21.091604834308676
36.8,-17.98500301410304,-21.10931648297676
36.85,-18.01285912658974,-21.127326643509747
36.9,-18.040587563529094,-21.145639051312337
36.95,-18.068188738018147,-21.16425737266327
37.0,-18.095663082255104,-21.183185204715304
37.05,-18.123011047539357,-21.202426075495264
37.1,-18.150233104271486,-21.221983443903987
37.15,-18.177329741953244,-21.24186069971635
37.2,-18.204301469187573,-21.262061163581276
37.25,-18.231148813678594,-21.28258808702171
37.3,-18.257872322231602,-21.303444652434646
37.35,-18.28447256075309,-21.324633973091107
37.4,-18.310950114250723,-21.346159093136148
37.45,-18.337305586833345,-21.368022987588876
37.5,-18.363539601710986,-21.39022856234241
37.55,-18.389652801194856,-21.412778654163926
37.6,-18.41564584669736,-21.435676030694633
37.65,-18.441519418732057,-21.45892339044976
37.7,-18.467274216913715,-21.48252336281859
37.75,-18.492910959958266,-21.506478508064433
37.8,-18.518430385682834,-21.530791317324642
37.85,-18.543833251005722,-21.555464212610598
37.9,-18.56912033194641,-21.58049954680772
37.95,-18.59429242362557,-21.60589960367547
38.0,-18.619350340265044,-21.631666597847328
38.05,-18.644294915187864,-21.657802674830837
38.1,-18.669127000818243,-21.68430991100756
38.15,-18.693847468681568,-21.711190313633086
38.2,-18.718457209404423,-21.738445820837065
38.25,-18.742957132714558,-21.766078301623157
38.3,-18.767348167440915,-21.79408955586908
38.35,-18.791631261513615,-21.82248131432658
38.4,-18.81580738196395,-21.851255238621427
38.45,-18.83987751492442,-21.880412921253452
38.5,-18.863842665628678,-21.909955885596492
38.55,-18.887703858411577,-21.93988558589845
38.6,-18.91146213670915,-21.970203407281243
38.65,-18.935118563058598,-22.00091066574083
38.7,-18.958674219098327,-22.032008608147216
38.75,-18.982130205567895,-22.06349841224442
38.8,-19.005487642308072,-22.095381186650524
38.85,-19.0287476682608,-22.127657970857637
38.9,-19.051911441469183,-22.160329735231887
38.95,-19.074980139077542,-22.19339738101346
39.0,-19.097954957331336,-22.226861740316554
39.05,-19.120837111577252,-22.260723576129426
39.1,-19.143627836263136,-22.29498358231438
39.15,-19.166328384938,-22.329642383607702
39.2,-19.18894003025208,-22.364700535619782
39.25,-19.211464063956754,-22.400158524835003
39.3,-19.233901796904597,-22.436016768611786
39.35,-19.25625455904936,-22.47227561518259
39.4,-19.278523699445987,-22.508935343653917
39.45,-19.30071058625061,-22.545996164006336
39.5,-19.322816606720522,-22.583458217094407
39.55,-19.344843167214194,-22.621321574646704
39.6,-19.366639564795957,-22.65957705819875
39.65,-19.387242710376558,-22.698163808495917
39.7,-19.40658190264692,-22.737070693365748
39.75,-19.424774205698355,-22.77629779983805
39.8,-19.441933984597615,-22.81584527223346
39.85,-19.458172905386864,-22.855713312163417
39.9,-19.473599935083687,-22.89590217853015
39.95,-19.48832134168111,-22.936412187526717
40.0,-19.50244069414757,-22.97724371263697
40.05,-19.51605886242693,-23.018397184635564
40.1,-19.52927401743848,-23.059873091587985
40.15,-19.54218163107693,-23.101671978850494
40.2,-19.554874476212422,-23.143794449070178
40.25,-19.56744262669051,-23.18624116218492
40.3,-19.57997345733219,-23.229012835423426
40.35,-19.592551643933867,-23.272110243305196
40.4,-19.605259163267373,-23.31553421764053
40.45,-19.618175293079975,-23.359285647530555
40.5,-19.631376612094343,-23.403365479367185
40.55,-19.644937000008593,-23.447774716833155
40.6,-19.65892763749626,-23.492514420902005
40.65,-19.67341700620629,-23.537585709838066
40.7,-19.688470888763067,-23.582989759196504
40.75,-19.704152368766398,-23.628727801823256
40.8,-19.720521830791508,-23.6748011278551
40.85,-19.73763696038905,-23.72121108471961
40.9,-19.755552744085108,-23.767959077135146
40.95,-19.774321469381174,-23.815046567110908
41.0,-19.79399272475418,-23.862475073946875
41.05,-19.814613399656473,-23.910246174233848
41.1,-19.836227684515826,-23.958361501853435
41.15,-19.85887707073544,-24.006822747978042
41.2,-19.88260035069394,-24.055631661070894
41.25,-19.907433617745365,-24.104790046886
41.3,-19.933410266219195,-24.154299768468203
41.35,-19.96056099142032,-24.20416274615314
41.4,-19.98891378962906,-24.254380957567253
41.45,-20.01849395810117,-24.3049564376278
41.5,-20.049324095067803,-24.355891278542828
41.55,-20.08142409973556,-24.407187629811208
41.6,-20.114811172286448,-24.45884769822261
41.65,-20.149499813877927,-24.510873747857516
41.7,-20.185501826642852,-24.563268100087214
41.75,-20.222826313689506,-24.61603313357378
41.8,-20.261479679101612,-24.669171284270128
41.85,-20.30146562793831,-24.722685045419965
41.9,-20.342785166234155,-24.776576967557794
41.95,-20.385436600999142,-24.830849658508942
42.0,-20.42941554021867,-24.885505783389522
42.05,-20.474714892853584,-24.940548064606478
42.1,-20.521324868840146,-24.99597928185755
42.15,-20.569232979090035,-25.05180227213128
42.2,-20.618424035490364,-25.108019929707023
42.25,-20.668880150903654,-25.164635206154937
42.3,-20.72058073916787,-25.221651110335984
42.35,-20.773502515096396,-25.279070708401946
42.4,-20.827619494478032,-25.3368971237954
42.45,-20.882902994077018,-25.395133537249738
42.5,-20.93932163163299,-25.453783186789135
42.55,-20.996841325861045,-25.512849367728617
42.6,-21.055425296451677,-25.572335432673977
42.65,-21.115034064070798,-25.63224479152182
42.7,-21.17562545035979,-25.69258091145959
42.75,-21.237154577935392,-25.75334731696549
42.8,-21.29957387038982,-25.81454758980856
42.85,-21.362833052290725,-25.876185369048663
42.9,-21.426879149181115,-25.93826435103642
42.95,-21.491656487579483,-26.000788289413297
43.0,-21.55710669497972,-26.063760995111554
43.05,-21.62316869985114,-26.127186336354253
43.1,-21.689778731638498,-26.19106823865528
43.15,-21.75687032076197,-26.255410684819314
43.2,-21.824374298617133,-26.320217714941837
43.25,-21.892218797575012,-26.38549342640914
43.3,-21.96032925098205,-26.45124197389834
43.35,-22.02862839316015,-26.517467569377363
43.4,-22.097036259406508,-26.584174482104856
43.45,-22.16547018599393,-26.651367038630408
43.5,-22.233844810170506,-26.719049622794312
43.55,-22.30207207015982,-26.787226675727716
43.6,-22.370061205160887,-26.855902695852592
43.65,-22.437718755348065,-26.925082238881636
43.7,-22.504948561871224,-26.994769917818438
43.75,-22.571651766855588,-27.06497040295733
43.8,-22.637726813401887,-27.135688421883515
43.85,-22.703314126112947,-27.20686732614076
43.9,-22.76893908895281,-27.278364271006158
43.95,-22.834626312240907,-27.350172066533425
44.0,-22.900377349108904,-27.422289517013677
44.05,-22.966193736178003,-27.49471543541545
44.1,-23.03207699355891,-27.567448643384644
44.15,-23.098028624851835,-27.640487971244518
44.2,-23.16405011714653,-27.713832257995758
44.25,-23.23014294102222,-27.78748035131638
44.3,-23.296308550547682,-27.861431107561813
44.35,-23.362548383281204,-27.935683391764876
44.4,-23.428863860270553,-28.010236077635728
44.45,-23.49525638605306,-28.08508804756195
44.5,-23.561727348655523,-28.16023819260847
44.55,-23.628278119594288,-28.23568541251763
44.6,-23.694910053875212,-28.31142861570914
44.65,-23.76162448999364,-28.387466719280066
44.7,-23.828422749934468,-28.4637986490049
44.75,-23.895306139172067,-28.54042333933547
44.8,-23.962275946670353,-28.617339733401014
44.85,-24.029333444882763,-28.69454678300816
44.9,-24.0964798897522,-28.772043448640872
44.95,-24.163716520711134,-28.84982869946054
45.0,-24.23104456068152,-28.927901513305912
45.05,-24.298465216074842,-29.006260876693123
45.1,-24.36597967679209,-29.084905784815696
45.15,-24.433589116223764,-29.163835241544515
45.2,-24.501294691249896,-29.243048259427866
45.25,-24.569097542239998,-29.32254385969139
45.3,-24.63699879305314,-29.402321072238145
45.35,-24.70499955103789,-29.48237893564855
45.4,-24.7731009070323,-29.562716497180393
45.45,-24.841303935363992,-29.643332812768875
45.5,-24.90960969385004,-29.72422694702653
45.55,-24.97801922379708,-29.80539797324331
45.6,-25.046533550001268,-29.886844973386577
45.65,-25.115153680748215,-29.96856703810098
45.7,-25.18388060781311,-30.050563266708636
45.75,-25.25271530646062,-30.132832767209006
45.8,-25.321658735444935,-30.21537465627893
45.85,-25.39071183700976,-30.298188059272636
45.9,-25.459875536888326,-30.381272110221747
45.95,-25.529150744303372,-30.464625951835256
46.0,-25.598538351967118,-30.5482487354995
46.05,-25.668039236081356,-30.632139621278267
46.1,-25.737654256337358,-30.716297777912686
46.15,-25.807384255915906,-30.80072238282125
46.2,-25.877230061487303,-30.88541262209985
46.25,-25.9471924832114,-30.970367690521805
46.3,-26.01727231473749,-31.055586791537717
46.35,-26.087470333204443,-31.14106913727565
46.4,-26.15778729924063,-31.22681394854103
46.45,-26.228223956963912,-31.312820454816638
46.5,-26.298781033981683,-31.399087894262653
46.55,-26.370038589284924,-31.48567017693821
46.6,-26.444333644199407,-31.57279543516906
46.65,-26.521593905146684,-31.660474685535924
46.7,-26.60146078191869,-31.748690947686978
46.75,-26.6835863451287,-31.83742667018343
46.8,-26.767633326211406,-31.9266637304996
46.85,-26.853275117422886,-32.0163834350229
46.9,-26.94019577184055,-32.10656651905378
46.95,-27.028090003363253,-32.197193146805816
47.0,-27.11666318671118,-32.288242911405625
47.05,-27.20563135742593,-32.379694834892945
47.1,-27.294721211870485,-32.47152736822059
47.15,-27.38367010722918,-32.56371839125442
47.2,-27.47222606150777,-32.65624521277341
47.25,-27.560147753533343,-32.74908457046961
47.3,-27.647204522954418,-32.842212630948154
47.35,-27.73317637024089,-32.93560498972725
47.4,-27.81785395668399,-33.02923667123818
47.45,-27.901038604396394,-33.123082128825345
47.5,-27.9825422963121,-33.217115244746175
47.55,-28.062187676186532,-33.31130933017121
47.6,-28.139808048596493,-33.4056371251841
47.65,-28.21524737894013,-33.5000707987815
47.7,-28.288360293437027,-33.59458194887324
47.75,-28.35901207912809,-33.689141602282156
47.8,-28.427078683875653,-33.78372021474421
47.85,-28.49244671636343,-33.87828767090842
47.9,-28.555013446096478,-33.972813284336894
47.95,-28.61468680340128,-34.067265797504845
48.0,-28.671385379425672,-34.16161338180053
48.05,-28.725038426138887,-34.2558236375253
48.1,-28.775585856331542,-34.34986359389362
48.15,-28.82297824361562,-34.44369970903296
48.2,-28.867176822424504,-34.53729786998398
48.25,-28.90815348801294,-34.63062339270032
48.3,-28.945890796457068,-34.72364102204875
48.35,-28.980381964654423,-34.81631493180917
48.4,-29.011630870323888,-34.908608724674416
48.45,-29.039652052005763,-35.000485432250564
48.5,-29.064470709061702,-35.09190751505668
48.55,-29.08612270167476,-35.182836862524944
48.6,-29.10465455084937,-35.273234793000604
48.65,-29.120123438411333,-35.36306205374202
48.7,-29.132597207007855,-35.45227882092059
48.75,-29.142154360107508,-35.54084469962081
48.8,-29.148884062000246,-35.62871872384025
48.85,-29.152886137797417,-35.715859356489624
48.9,-29.154271073431733,-35.802224489392636
48.95,-29.153160015657306,-35.88777144328613
49.0,-29.149684772049618,-35.97245696782001
49.05,-29.143987811005537,-36.05623724155727
49.1,-29.136222261743317,-36.139067871973964
49.15,-29.126551914302585,-36.220903895459244
49.2,-29.115151219544355,-36.30169977731541
49.25,-29.102205289151026,-36.38140941175771
49.3,-29.087909895626378,-36.45998612191453
49.35,-29.072471472295558,-36.53738265982745
49.4,-29.056107113305124,-36.613551206450914
49.45,-29.039044573622984,-36.688443371652674
49.5,-29.021522269038453,-36.762010194213374
49.55,-29.003789276162223,-36.83420214182683
49.6,-28.98610533242635,-36.90496911110001
49.65,-28.968740836084297,-36.974260427552764
49.7,-28.951976846210897,-37.04202484561823
49.75,-28.93610508270235,-37.10821054864257
49.8,-28.921427926276277,-37.172765148884885
49.85,-28.90825841847163,-37.23563568751762
49.9,-28.89692026164879,-37.29676863462605
49.95,-28.88674758142197,-37.35650191471336
50.0,-28.876690891103813,-37.41528443913816
50.05,-28.866747619922492,-37.47313146833316
50.1,-28.856916877969816,-37.530057394746564
50.15,-28.847197759270216,-37.58607642585204
50.2,-28.83758934178075,-37.641202584148694
50.25,-28.828090687391096,-37.695449707161075
50.3,-28.818700841923572,-37.74883144743917
50.35,-28.8094188351331,-37.80136127255846
50.4,-28.800243680707254,-37.853052465119795
50.45,-28.79117437626621,-37.90391812274953
50.5,-28.782209903362777,-37.953971158099435
50.55,-28.7733492274824,-38.003224298846746
50.6,-28.764591298043133,-38.05169008769413
50.65,-28.75593504839567,-38.099380882369715
50.7,-28.74737939582332,-38.14630885562706
50.75,-28.738923241542025,-38.19248599524517
50.8,-28.73056547070035,-38.23792410402851
50.85,-28.722304952379478,-38.28263479980697
50.9,-28.714140539593235,-38.32662951543591
50.95,-28.706071069288058,-38.369919498796115
51.0,-28.698095362343015,-38.41251581279382
51.05,-28.690212223569798,-38.45442933536072
51.1,-28.682420441712726,-38.49567075945395
51.15,-28.674718789448743,-38.53625059305607
51.2,-28.667106023387415,-38.57617915917511
51.25,-28.659580884070945,-38.61546659584454
51.3,-28.652142095974146,-38.654122856123266
51.35,-28.644788367504468,-38.69215770809566
51.4,-28.637518391001983,-38.72958073487152
51.45,-28.63033084273939,-38.76640133458609
51.5,-28.62322438292201,-38.80262872040008
51.55,-28.61619765568779,-38.83827192049962
51.6,-28.609249289107314,-38.87333977809631
51.65,-28.60237789518377,-38.907840951427175
51.7,-28.59558206985299,-38.941783913754705
51.75,-28.588860392983428,-38.97517695336681
51.8,-28.58221142837616,-39.008028173576875
51.85,-28.57563372376488,-39.04034549272372
51.9,-28.569125810815926,-39.07213664417159
51.95,-28.562674126914054,-39.10340954413419
52.0,-28.5553971590315,-39.134196512565595
52.05,-28.546849651188193,-39.16451082014289
52.1,-28.537168332561937,-39.19434715894226
52.15,-28.526486436632208,-39.22370060609129
52.2,-28.51493370118014,-39.25256662376904
52.25,-28.502636368288545,-39.28094105920595
52.3,-28.489717184341888,-39.30882014468391
52.35,-28.476295400026316,-39.33620049753624
52.4,-28.462486770329637,-39.363079120147674
52.45,-28.448403554541326,-39.38945339995439
52.5,-28.43415451625253,-39.415321109443965
52.55,-28.41984492335606,-39.44068040615544
52.6,-28.40557654804639,-39.46552983267926
52.65,-28.391447666819676,-39.48986831665729
52.7,-28.377553060473723,-39.513695170782846
52.75,-28.363984014108024,-39.53701009280064
52.8,-28.35082831712372,-39.55981316550685
52.85,-28.33817026322363,-39.582104856749055
52.9,-28.326090650412247,-39.60388601942626
52.95,-28.31466678099571,-39.62515789148891
53.0,-28.303972461581854,-39.64592209593886
53.05,-28.294078003080156,-39.66618064082941
53.1,-28.285050220701773,-39.685935919265276
53.15,-28.276952433959533,-39.70519070940261
53.2,-28.269844466667923,-39.72394817444898
53.25,-28.263782646943103,-39.74221186266338
53.3,-28.2588198072029,-39.75998570735625
53.35,-28.255005284166803,-39.777274026889444
53.4,-28.252384918855977,-39.79408152467623
53.45,-28.251001056593253,-39.81041328918133
53.5,-28.250892547003122,-39.826274793920874
53.55,-28.25209474401175,-39.84167189746242
53.6,-28.254639505846974,-39.85661084342496
53.65,-28.25855519503828,-39.871098260478924
53.7,-28.26386667841685,-39.88514116234614
53.75,-28.27059532711551,-39.89874694779988
53.8,-28.278759016568767,-39.91192340066483
53.85,-28.28837212651279,-39.92467868981715
53.9,-28.29944554098541,-39.93702136918436
53.95,-28.311986648326137,-39.94896037774545
54.0,-28.32599934117614,-39.96050503953083
54.05,-28.341484016478265,-39.97166506362232
54.1,-28.358437575477016,-39.98245054415319
54.15,-28.37685342371857,-39.99287196030812
54.2,-28.39672147105077,-40.002940176323236
54.25,-28.418028131623124,-40.01266644148606
54.3,-28.44075632388682,-40.02206239013557
54.35,-28.464885470594687,-40.03114004166217
54.4,-28.490391498801245,-40.039911800507674
54.45,-28.517246839862693,-40.048390456165315
54.5,-28.545420429436852,-40.05658918317979
54.55,-28.574877707483253,-40.064521541147194
54.6,-28.60558061826309,-40.07220147471505
54.65,-28.637487610339182,-40.079643313582345
54.7,-28.67055363657609,-40.08686177249942
54.75,-28.704730154139966,-40.09387195126811
54.8,-28.73996512449868,-40.10068933474166
54.85,-28.776203013421764,-40.10732979282471
54.9,-28.813384790980376,-40.11380958047339
54.95,-28.851447931547415,-40.12014533769516
55.0,-28.890326413797368,-40.126354089549025
55.05,-28.929950720706458,-40.132453246145324
55.1,-28.970247839552506,-40.1384606026459
55.15,-29.01114126191508,-40.14439433926392
55.2,-29.052550983675367,-40.15027302126406
55.25,-29.09439350501621,-40.15611559896242
55.3,-29.136581830422152,-40.1619414077265
55.35,-29.1790254686794,-40.167770167975235
55.4,-29.221630432875806,-40.17362198517897
55.45,-29.264299240400923,-40.1795173498595
55.5,-29.306930912945923,-40.18547713759006
55.55,-29.34942097650369,-40.191522608995285
55.6,-29.39166146136876,-40.19767540975125
55.65,-29.433540902137345,-40.20395757058542
55.7,-29.47494433770731,-40.21039150727676
55.75,-29.515753311278168,-40.217000020655625
55.8,-29.555845870351177,-40.22380629660374
55.85,-29.595098742530933,-40.23083308087266
55.9,-29.6339180224625,-40.23790683403613
55.95,-29.67267503412047,-40.24488552386033
56.0,-29.71136822803909,-40.25177260133018
56.05,-29.74999607104087,-40.25857154645398
56.1,-29.788557046236594,-40.26528586826342
56.15,-29.827049653025284,-40.27191910481359
56.2,-29.865472407094252,-40.27847482318297
56.25,-29.903823840419044,-40.28495661947342
56.3,-29.942102501263495,-40.29136811881022
56.35,-29.98030695417969,-40.29771297534202
56.4,-30.018435780007962,-40.303994872240864
56.45,-30.056487575876943,-40.310217521702185
56.5,-30.094460955203484,-40.31638466494483
56.55,-30.132354547692728,-40.322500072211
56.6,-30.170166999338075,-40.32856754276633
56.65,-30.207896972421178,-40.334590904899805
56.7,-30.245543145511963,-40.34057401592385
56.75,-30.283104213468604,-40.34652076217423
56.8,-30.320578887437552,-40.35243505901014
56.85,-30.357965894853518,-40.35832085081415
56.9,-30.395263979439466,-40.36418211099223
56.95,-30.432471901206632,-40.370022841973736
57.0,-30.469588436454504,-40.37584707521141
57.05,-30.506612377770846,-40.38165887118141
57.1,-30.543542534031673,-40.38746231938325
57.15,-30.580377730401267,-40.39326153833987
57.2,-30.617116808332174,-40.39906067559758
57.25,-30.653758625565192,-40.404863907726096
57.3,-30.69030205612939,-40.41067544031851
57.35,-30.72674599034211,-40.416499507991325
57.4,-30.763089334808924,-40.42234037438441
57.45,-30.799331012423707,-40.428202332161064
57.5,-30.83546996236856,-40.434089703007935
57.55,-30.871505140113868,-40.440006837635096
57.6,-30.907435517418275,-40.445958115776
57.65,-30.94326008232868,-40.45194794618748
57.7,-30.97897783918025,-40.45798076664979
57.75,-31.01458780859642,-40.464061043966545
57.8,-31.050089027488855,-40.47019327396476
57.85,-31.085480549057547,-40.47638198149487
57.9,-31.120761442790673,-40.482631720430646
57.95,-31.155930794464737,-40.488947073669316
58.0,-31.19098770614445,-40.49533265313145
58.05,-31.225931296182843,-40.50179309976103
58.1,-31.260760699221173,-40.508333083525436
58.15,-31.295475066188942,-40.514957303415414
58.2,-31.33007356430398,-40.52167048744514
58.25,-31.36455537707229,-40.52847739265215
58.3,-31.398919704288204,-40.535382805097385
58.35,-31.433165762034317,-40.54239153986517
58.4,-31.46729273906184,-40.54950529875473
58.45,-31.501299739569724,-40.556716474201174
58.5,-31.53518609019437,-40.56402945443846
58.55,-31.568951159716647,-40.57144998682444
58.6,-31.602594337709675,-40.578983763261455
58.65,-31.63611503453881,-40.58663642019635
58.7,-31.66951268136167,-40.59441353862046
58.75,-31.702786730128103,-40.60232064406962
58.8,-31.73593665358022,-40.61036320662418
58.85,-31.768961945252386,-40.61854664090895
58.9,-31.80186211947119,-40.62687630609328
58.95,-31.834636711355486,-40.63535750589098
59.0,-31.86728527681637,-40.64399548856037
59.05,-31.899807392557193,-40.65279544690428
59.1,-31.93220265607355,-40.66176251827002
59.15,-31.964470685653275,-40.67090178454939
59.2,-31.996611120376475,-40.680218272178735
59.25,-32.02862362011547,-40.68971695213883
59.3,-32.06050786553485,-40.69940273995499
59.35,-32.09226355809146,-40.709280495697016
59.4,-32.12389042003437,-40.719355023979205
59.45,-32.15538819440492,-40.729631073960356
59.5,-32.18675664503668,-40.74011333934376
59.55,-32.21799555655548,-40.7508064583772
59.6,-32.2491047343794,-40.76171501385297
59.65,-32.280084004718745,-40.772843533107846
59.7,-32.3109332145761,-40.78419648802311
59.75,-32.34165223174628,-40.79577829502455
59.8,-32.372240944816355,-40.80759331508242
59.85,-32.40269926316563,-40.81964585371151
59.9,-32.43302711696566,-40.83194016097108
59.95,-32.46322445718028,-40.844480431464895
60.0,-32.49329125556553,-40.85727080434121
60.05,-32.52322750466971,-40.870315363292804
60.1,-32.5530332178334,-40.88361813655692
60.15,-32.582708429189374,-40.897183096915306
60.2,-32.612253193662696,-40.911014161694226
60.25,-32.64166758697066,-40.92511519276441
60.3,-32.67095170562281,-40.93948999654111
60.35,-32.70010566692095,-40.95414232398408
60.4,-32.729129608959106,-40.96907587059755
60.45,-32.75802369062358,-40.98429427643025
60.5,-32.7867880915929,-40.99980112607541
60.55,-32.81542301233787,-41.01559994867076
60.6,-32.8439286741215,-41.03169421789854
60.65,-32.87230531899908,-41.048087351985465
60.7,-32.90055320981815,-41.06478271370275
60.75,-32.92867263021847,-41.08178361036612
60.8,-32.95666388463208,-41.09909329383578
60.85,-32.98452729828325,-41.116714960516454
60.9,-33.0122632171885,-41.13465175135734
60.95,-33.0398720081566,-41.15290675185215
61.0,-33.06735405878856,-41.171482992039074
61.05,-33.094709777477654,-41.19038344650083
61.1,-33.1219395934094,-41.209611034364606
61.15,-33.14904395656154,-41.22916861930209
61.2,-33.176023337704116,-41.24905900952948
61.25,-33.202878228399356,-41.269284957807464
61.3,-33.229609141001774,-41.28984916144122
61.35,-33.25621660865812,-41.31075426228042
61.4,-33.2827011853074,-41.33200284671926
61.45,-33.30906344568087,-41.353597445696415
61.5,-33.33530398530202,-41.375540534695055
61.55,-33.36142342048659,-41.397834533742845
61.6,-33.38742238834258,-41.42048180741195
61.65,-33.41330154677023,-41.443484664819046
61.7,-33.43906157446202,-41.46684535962527
61.75,-33.46470317090271,-41.490566090036296
61.8,-33.49022705636926,-41.51464899880228
61.85,-33.51563397193092,-41.53909617321788
61.9,-33.54092467944916,-41.56390964512222
61.95,-33.56609996157772,-41.58909139089897
62.0,-33.59116062176257,-41.61464333147626
62.05,-33.616107484241915,-41.64056733232671
62.1,-33.64094139404627,-41.6668652034675
62.15,-33.66566321699833,-41.69353869946024
62.2,-33.69027383971307,-41.720589519411064
62.25,-33.7147741695977,-41.7480193069706
62.3,-33.739165134851696,-41.77582965033397
62.35,-33.76344768446676,-41.804022082240785
62.4,-33.787622788226855,-41.83259807997517
62.45,-33.811691436708195,-41.86155906536575
62.5,-33.83565464127924,-41.890906404785646
62.55,-33.859513434100684,-41.92064140915245
62.6,-33.88326886812549,-41.95076533392828
62.65,-33.90692201709885,-41.981279379119734
62.7,-33.93047397555821,-42.01218468927789
62.75,-33.95392585883326,-42.043482353498355
62.8,-33.97727880304598,-42.07517340542127
62.85,-34.000533965110534,-42.107258823231184
62.9,-34.02369252273336,-42.1397395296572
62.95,-34.04675567441317,-42.172616391972895
63.0,-34.06972463944088,-42.205890221996356
63.05,-34.09260065789966,-42.239561776090135
63.1,-34.11538499066497,-42.27363175516133
63.15,-34.13807891940449,-42.30810080466155
63.2,-34.160683746578144,-42.34296951458684
63.25,-34.183200795438104,-42.37823841947775
63.3,-34.20563141002879,-42.41390799841937
63.35,-34.2279769551869,-42.44997867504125
63.4,-34.2502388165413,-42.48645081751741
63.45,-34.272418400513196,-42.52332473856645
63.5,-34.29451713431602,-42.56060069545145
63.55,-34.31653646595541,-42.598278889979916
63.6,-34.33847786422929,-42.63635946850391
63.65,-34.360342818727815,-42.67484252191997
63.7,-34.38213283983339,-42.713728085669125
63.75,-34.40384945872066,-42.7530161397369
63.8,-34.42549422735656,-42.792706608653404
63.85,-34.44706871850022,-42.83279936149309
63.9,-34.468574525703055,-42.87329421187504
63.95,-34.4900132633087,-42.914190917962756
64.0,-34.510962227597034,-42.9555680184269
64.05,-34.5307928061767,-42.997537615205815
64.1,-34.54957893801086,-43.04007816133925
64.15,-34.56740209428595,-43.083166920867015
64.2,-34.58434219481674,-43.12678167787636
64.25,-34.60047760804639,-43.17090073650208
64.3,-34.6158851510464,-43.21550292092646
64.35,-34.630640089516646,-43.260567575379284
64.4,-34.64481613778538,-43.30607456413783
64.45,-34.658485458809174,-43.35200427152686
64.5,-34.67171866417302,-43.398337601918655
64.55,-34.68458481409024,-43.44505597973299
64.6,-34.69715141740252,-43.492141349437134
64.65,-34.709484431579924,-43.53957617554586
64.7,-34.72164826272086,-43.587343442621425
64.75,-34.733705765552116,-43.635426655273584
64.8,-34.74571824342884,-43.68380983815961
64.85,-34.75774544833453,-43.73247753598427
64.9,-34.76984558088108,-43.78141481349982
64.95,-34.782075290308704,-43.830607255506
65.0,-34.794489674486016,-43.88004096685008
65.05,-34.80714227990997,-43.9297025724268
65.1,-34.82008510170589,-43.97957921717842
65.15,-34.83336858362749,-44.029658566094696
65.2,-34.84704161805679,-44.07992880421284
65.25,-34.86115154600423,-44.13037863661763
65.3,-34.87574415710858,-44.18099728844129
65.35,-34.890863689636994,-44.23177450486357
65.4,-34.90655283048497,-44.282700551111716
65.45,-34.922852715176376,-44.33376621246044
65.5,-34.939802927863454,-44.38496279423199
65.55,-34.9574415013268,-44.4362821217961
65.6,-34.97580491697538,-44.48771654056999
65.65,-34.99492810484651,-44.53925891601842
65.7,-35.01484444360588,-44.59090263365357
65.75,-35.03558576054755,-44.642641599035194
65.8,-35.05718233159393,-44.69447023777051
65.85,-35.07966288129579,-44.74638349551422
65.9,-35.103054582832286,-44.79837683796859
65.95,-35.12738305801092,-44.85044625088329
66.0,-35.15267237726755,-44.902588240055536
66.05,-35.17894505966641,-44.95479983133006
66.1,-35.20622207290012,-45.00707857059907
66.15,-35.234522833289624,-45.059422523802276
66.2,-35.263865205784235,-45.111830276926874
66.25,-35.294265503961654,-45.16430093600758
66.3,-35.32573849002792,-45.21683412712658
66.35,-35.358297374817454,-45.2694299964136
66.4,-35.39195381779304,-45.322089210045824
66.45,-35.4267179270458,-45.37481295424794
66.5,-35.46259825929524,-45.42760293529216
66.55,-35.49960181988925,-45.480461379498166
66.6,-35.537734062804034,-45.53339103323315
66.65,-35.576998890644205,-45.58639516291182
66.7,-35.61739865464272,-45.63947755499634
66.75,-35.65893415466087,-45.69264251599638
66.8,-35.70160463918838,-45.74589487246917
66.85,-35.74540780534327,-45.79923997101935
66.9,-35.79033979887198,-45.85268367829913
66.95,-35.83639521414926,-45.90623238100816
67.0,-35.88356709417827,-45.95989298589364
67.05,-35.931846930590474,-46.013672919750206
67.1,-35.98122466364577,-46.067580129420065
67.15,-36.0316886822324,-46.1216230817929
67.2,-36.08322582386692,-46.17581076380582
67.25,-36.1358213746943,-46.23015268244354
67.3,-36.18945906948786,-46.2846588647382
67.35,-36.2441210916493,-46.339339857769474
67.4,-36.299788073208646,-46.39420672866452
67.45,-36.35643909482431,-46.44927106459799
67.5,-36.414051685783065,-46.504544972792026
67.55,-36.47260182400005,-46.56004108051631
67.6,-36.53206393601875,-46.615772535087956
67.65,-36.5924108970111,-46.671753003871686
67.7,-36.65361403077724,-46.72799667427957
67.75,-36.715643109745784,-46.784518253771274
67.8,-36.77846635497369,-46.841332969853944
67.85,-36.84205043614631,-46.89845657008225
67.9,-36.906360471577294,-46.95590532205832
67.95,-36.97136002820868,-47.01369601343176
68.0,-37.03701112161085,-47.07184595189972
68.05,-37.10327421598268,-47.13037296520687
68.1,-37.170108224151164,-47.18929540114527
68.15,-37.237470507571935,-47.24863212755464
68.2,-37.305316876328796,-47.308402532322056
68.25,-37.37360158913392,-47.368626523382126
68.3,-37.442277353327945,-47.42932452871699
68.35,-37.511295324879846,-47.49051749635629
68.4,-37.580605108386926,-47.55222689437714
68.45,-37.650154757074844,-47.614474710904155
68.5,-37.71989077279765,-47.67728345410943
68.55,-37.789758106037795,-47.74067615221263
68.6,-37.859700155905934,-47.80467635348078
68.65,-37.92965877014134,-47.869308126228596
68.7,-37.999574245111404,-47.9345960588181
68.75,-38.06938532581204,-48.00056525965895
68.8,-38.13902920586744,-48.067241357208204
68.85,-38.20844152753022,-48.13465049997051
68.9,-38.27755638168135,-48.202819356497976
68.95,-38.3463063078301,-48.271775115390156
69.0,-38.41462229411414,-48.341545485294155
69.05,-38.48243377729958,-48.41215869490461
69.1,-38.54995089704335,-48.48344621810086
69.15,-38.61755941881999,-48.555128690369244
69.2,-38.68526404340069,-48.6272011890287
69.25,-38.75306593678289,-48.699661307774115
69.3,-38.82096624603733,-48.772506663793294
69.35,-38.888966099308156,-48.84573489776702
69.4,-38.957066605812884,-48.91934367386905
69.45,-39.025268855842356,-48.99333067976605
69.5,-39.09357392076085,-49.06769362661769
69.55,-39.16198285300599,-49.14243024907658
69.6,-39.23049668608877,-49.21753830528831
69.65,-39.29911643459358,-49.29301557689142
69.7,-39.36784309417813,-49.36885986901737
69.75,-39.43667764157356,-49.44506901029064
69.8,-39.50562103458435,-49.52164085282863
69.85,-39.574674212088375,-49.59857327224172
69.9,-39.64383809403688,-49.67586416763327
69.95,-39.713113581454444,-49.753511461599516
70.0,-39.78250155643907,-49.83151310022975
70.05,-39.852002882162104,-49.90986705310615
70.1,-39.92161840286829,-49.98857131330391
70.15,-39.99134894387573,-50.067623897391165
70.2,-40.06119531157588,-50.147022845428985
70.25,-40.13115829343358,-50.226766220971406
70.3,-40.20123865798708,-50.30685211106546
70.35,-40.27143715484797,-50.38727862625111
70.4,-40.341754514701215,-50.46804390056129
70.45,-40.412191449305126,-50.54914609152185
70.5,-40.48274865149145,-50.63058338015166
70.55,-40.55342679516525,-50.71235397096252
70.6,-40.62422653530499,-50.79445609195918
70.65,-40.69514850117813,-50.87688799765107
70.7,-40.76619327528817,-50.95964796787195
70.75,-40.83736143866937,-51.04273427447389
70.8,-40.90865355371428,-51.12614519451594
70.85,-40.98007016110679,-51.20987901209019
70.9,-41.051611779822196,-51.29393401832169
70.95,-41.12327890712711,-51.37830851136846
71.0,-41.19507201857958,-51.46300079642154
71.05,-41.266991568029006,-51.54800918570495
71.1,-41.33903798761617,-51.63333199847571
71.15,-41.41121168777324,-51.718967561023845
71.2,-41.483513057223696,-51.80491420667229
71.25,-41.55594246298248,-51.891170275777064
71.3,-41.62850025035585,-51.97773411572713
71.35,-41.701186742941466,-52.06460408094445
71.4,-41.774002242628384,-52.151778532884
71.45,-41.84694702957017,-52.23925583992512
71.5,-41.92002136033945,-52.3270343693456
71.55,-41.99322546909764,-52.41511248950313
71.6,-42.06655956840229,-52.50348857234072
71.65,-42.14002384848688,-52.59216099054066
71.7,-42.21361847726074,-52.68112811752437
71.75,-42.28734360030919,-52.770388327452615
71.8,-42.36119934089346,-52.85993999522535
71.85,-42.43518579993242,-52.94978149623793
71.9,-42.50930305588474,-53.03991120454701
71.95,-42.58355116480636,-53.13032749298552
72.0,-42.50766909944924,-53.22102873285711
